{"cameraMode":{"drawMode":0,"name":"Shaded","section":"Shading Mode"},"sceneLighting":false,"audioPlay":false,"sceneViewState":{"showFog":true,"showMaterialUpdate":true,"showSkybox":false,"showFlares":true,"showImageEffects":true,"showParticleSystems":true},"in2DMode":false,"pivot":{"x":-0.06601645797491074,"y":-0.15014487504959107,"z":-0.5030454993247986},"rotation":{"x":0.0007860495243221521,"y":0.9944647550582886,"z":-0.10480424761772156,"w":0.007458653301000595},"size":1.6622323989868165,"orthographic":false}